<?xml version="1.0" encoding="UTF-8"?>
<project-private xmlns="http://www.netbeans.org/ns/project-private/1">
    <editor-bookmarks xmlns="http://www.netbeans.org/ns/editor-bookmarks/2" lastBookmarkId="0"/>
    <open-files xmlns="http://www.netbeans.org/ns/projectui-open-files/2">
        <group>
            <file>file:/C:/Users/20171pf.cc0224/Desktop/TimesFutebolWeb/web/index.xhtml</file>
            <file>file:/C:/Users/20171pf.cc0224/Desktop/TimesFutebolWeb/src/java/br/edu/ifsul/dao/DAOGenerico.java</file>
            <file>file:/C:/Users/20171pf.cc0224/Desktop/TimesFutebolWeb/web/templates/template.xhtml</file>
            <file>file:/C:/Users/20171pf.cc0224/Desktop/TimesFutebolWeb/web/templates/ajaxstatus.xhtml</file>
            <file>file:/C:/Users/20171pf.cc0224/Desktop/TimesFutebolWeb/src/conf/persistence.xml</file>
        </group>
    </open-files>
</project-private>
